"Stock","Weight"
"AAPL",0.185633167581562
"MSFT",0.0357047736586995
"NVDA",0.162935772859285
"BP",0.0198599307180375
"SHEL",0.0400154424313538
"XOM",0.0249074073854467
"HSBC",0.0861401979986092
"BCS",0.00184239595341972
"JPM",0.079567896488086
"GS",0.000421617336902353
"JNJ",0.110207643931178
"PFE",0.0978847552641629
"UNH",0.154878998393257
