"Stock","Weight"
"XLK",0.026717073211515
"XLE",0.155600301386136
"XLF",0.0264643410359943
"XLV",0.791218284366354
