"Stocks","Sector","Avg_Return","Volatility","Sharpe"
"XLK","Tech",0.000429170107516192,0.016277944336881,0.0263651293206489
"XLE","Energy",0.000456606620134267,0.0181870396832822,0.0251061540572756
"XLF","Finance",0.000404642717560538,0.0179636160039621,0.0225256828842973
"XLV","Healthcare",0.000372035056699599,0.0112171115810841,0.0331667429721372
